-- ============================================================
-- 生产数据迁移SQL - 月子中心管理模块
-- 生成时间: 2025-12-22
-- 警告: 此为真实生产数据，请谨慎操作
-- 使用 REPLACE INTO 避免主键冲突，已存在的记录会被替换
-- ============================================================

SET FOREIGN_KEY_CHECKS=0;

-- 1. 先删除测试数据
DELETE FROM `customers` WHERE `customer_id` = 33;

-- 2. 插入/替换房间数据（必须先于房态数据）
REPLACE INTO `rooms` (`room_id`, `room_name`, `floor`, `room_type`, `color_code`, `ac_group_id`, `display_order`, `created_at`, `updated_at`) VALUES
(1, '雨水', 1, '双床', '#ff40ff', 36, 0, '2025-12-16 11:30:38', '2025-12-16 16:30:45'),
(2, '立冬', 1, '标准间', '#00f900', 37, 0, '2025-12-16 11:30:38', '2025-12-16 16:31:24'),
(3, '大暑', 1, '套房', '#00f900', 37, 0, '2025-12-16 11:30:38', '2025-12-16 16:31:30'),
(4, '秋分', 1, '标准间', '#00f900', 37, 0, '2025-12-16 11:30:38', '2025-12-16 16:31:40'),
(5, '寒露', 1, '双床房', '#ff40ff', 36, 0, '2025-12-16 11:30:38', '2025-12-16 16:30:54'),
(6, '白露', 1, '标准间', '#ff40ff', 36, 0, '2025-12-16 11:30:38', '2025-12-16 16:32:28'),
(7, '储藏间', 1, '储藏室', '#F5F5F5', 4, 7, '2025-12-16 11:30:38', '2025-12-16 11:30:38'),
(8, '员工宿舍', 1, '宿舍', '#F5F5F5', 4, 8, '2025-12-16 11:30:38', '2025-12-16 11:30:38'),
(9, '处暑', 1, '标准间', '#00f900', 37, 0, '2025-12-16 11:30:38', '2025-12-16 16:33:03'),
(10, '立秋', 1, '标准间', '#ff40ff', 36, 0, '2025-12-16 11:30:38', '2025-12-16 16:31:05'),
(11, '小雪', 1, '标准间', '#00f900', 37, 0, '2025-12-16 11:30:38', '2025-12-16 16:31:47'),
(12, '霜降', 1, '厨房', '#ff40ff', 36, 0, '2025-12-16 11:30:38', '2025-12-16 16:31:13'),
(13, '卫生', 1, '卫生间', '#a77b00', 34, 0, '2025-12-16 11:30:38', '2025-12-16 16:13:22'),
(14, '辰', 2, '小套房', '#9a244f', 39, 0, '2025-12-16 11:30:38', '2025-12-16 16:33:35'),
(15, '嘉和', 2, '标准间', '#791a3e', 40, 0, '2025-12-16 11:30:38', '2025-12-16 16:36:04'),
(16, '小寒', 2, '标准间', '#aa7942', 41, 0, '2025-12-16 11:30:38', '2025-12-16 16:33:55'),
(17, '冬至', 2, '标准间', '#aa7942', 41, 0, '2025-12-16 11:30:38', '2025-12-16 16:34:15'),
(18, '子', 2, '标准间', '#aa7942', 41, 0, '2025-12-16 11:30:38', '2025-12-16 16:34:23'),
(19, '惊蛰', 2, '双床房', '#fff9c4', 27, 0, '2025-12-16 11:30:38', '2025-12-16 16:04:01'),
(20, '芒种', 2, '大床房', '#fffcb3', 28, 0, '2025-12-16 11:30:38', '2025-12-16 16:04:19'),
(21, '春分', 2, '双床房', '#fffcb3', 28, 0, '2025-12-16 11:30:38', '2025-12-16 16:04:40'),
(22, '寅', 2, '标准间', '#00fdff', 42, 0, '2025-12-16 11:30:38', '2025-12-16 16:34:56'),
(23, '夏至', 2, '标准间', '#00fdff', 42, 0, '2025-12-16 11:30:38', '2025-12-16 16:35:03'),
(24, '小暑', 2, '标准间', '#00fdff', 42, 0, '2025-12-16 11:30:38', '2025-12-16 16:35:09'),
(25, '谷雨', 2, '标准间', '#00fdff', 42, 0, '2025-12-16 11:30:38', '2025-12-16 16:35:20'),
(26, '电梯厅', 2, '公共区域', '#F5F5F5', 14, 13, '2025-12-16 11:30:38', '2025-12-16 11:30:38'),
(27, '酉', 2, '小套房', '#0433ff', 38, 0, '2025-12-16 16:09:55', '2025-12-16 16:33:19');

-- 3. 插入/替换真实客户数据
REPLACE INTO `customers` (`customer_id`, `customer_name`, `phone`, `package_name`, `baby_name`, `mother_birthday`, `baby_birthday`, `nanny_name`, `due_date`, `address`, `check_in_date`, `check_out_date`, `remarks`, `created_at`, `updated_at`) VALUES
(10, '矫雨彤', '15315517613', '春', '嘻嘻', '1991-07-24', '2025-12-05', NULL, NULL, '平度市凤台世家', '2025-12-08 23:54:00', '2026-01-05 11:00:00', '', '2025-12-16 15:54:40', '2025-12-16 15:54:40'),
(11, '王嘉', '13355328444', '春', '艾拉', '1985-07-20', '2025-12-07', NULL, NULL, '平度御园新城', '2025-12-11 23:56:00', '2026-01-08 15:56:00', '', '2025-12-16 15:55:49', '2025-12-16 15:57:09'),
(12, '鞠鑫玉', '13210873647', '夏', '佑佑', '1999-10-28', '2025-12-09', NULL, NULL, '平度市上海花园', '2025-12-10 15:59:00', '2025-12-16 16:07:00', '', '2025-12-16 15:59:27', '2025-12-16 16:07:09'),
(13, '刘思宁', '13210228168', '夏', '乘乘', '2000-05-29', NULL, '', NULL, '黄岛区海信悦华里', '2025-11-24 16:06:00', '2025-12-16 16:07:00', '', '2025-12-16 16:03:29', '2025-12-16 16:29:16'),
(14, '谷英美', '18661891349', '春', '', '1996-06-28', '2025-12-04', NULL, NULL, '平度张戈庄', '2025-12-08 16:05:00', '2026-01-19 16:06:00', '', '2025-12-16 16:05:51', '2025-12-16 16:06:27'),
(15, '王英霞', '15726249109', '春', '依依', NULL, '2025-12-14', '曲芳燕', NULL, '平度锦厦新城', '2025-12-18 08:10:00', '2026-01-29 08:13:00', '', '2025-12-19 08:13:29', '2025-12-19 08:22:07'),
(16, '董燕', '15964235337', '夏', '酉宝', '1992-10-03', '2025-12-11', '徐美玉', NULL, '平度上城府邸', '2025-12-19 09:16:00', '2026-01-16 09:16:00', '', '2025-12-19 09:16:26', '2025-12-19 09:16:57'),
(17, '刘峻岐', '18237277196', '春', '', NULL, NULL, '', '2026-01-02', '', NULL, NULL, '', '2025-12-19 09:42:18', '2025-12-19 09:42:18'),
(18, '迟晓琳', '13954208656', '夏', '', NULL, NULL, '', '2026-01-11', '平度市圣泉花园', NULL, NULL, '赠送月子期间早餐', '2025-12-19 09:44:29', '2025-12-19 09:44:29'),
(19, '杨子涵', '17706398380', '春', '', NULL, NULL, '', '2026-01-27', '平度世纪商贸城', NULL, NULL, '赠送月子发汗、排湿排汗各一次', '2025-12-19 09:46:32', '2025-12-19 09:46:32'),
(20, '付晓莉', '13335001238', '秋', '', NULL, NULL, '', NULL, '平度中央美地天麓', NULL, '2026-01-31 09:48:00', '跨年费用乙方负担，腊月28日宝妈和宝妈公公过生日', '2025-12-19 09:48:43', '2025-12-19 09:48:43'),
(21, '王丹', '17685545786', '春', '', NULL, NULL, '', NULL, '小洪沟村', NULL, '2026-02-02 09:49:00', '', '2025-12-19 09:50:33', '2025-12-19 09:50:33'),
(22, '林雪琦', '13361243029', '春', '', NULL, NULL, '', NULL, '平度碧桂园桃李东方', NULL, '2026-02-04 09:50:00', '跨年费用由乙方承担', '2025-12-19 09:51:46', '2025-12-19 09:51:46'),
(23, '丁莉', '13553085766', '夏', '', NULL, NULL, '', NULL, '后八里庄', NULL, '2026-02-28 09:52:00', '', '2025-12-19 09:53:43', '2025-12-19 09:53:43'),
(24, '杨政慧', '18554871638', '秋', '', NULL, NULL, '', NULL, '平度海信城雅园', NULL, '2026-04-04 09:54:00', '月子期间家属早餐免费', '2025-12-19 09:55:56', '2025-12-19 09:55:56'),
(25, '田菁菁', '15666488467', '夏', '', NULL, NULL, '', NULL, '仁兆镇郑家管村', NULL, '2026-02-10 09:57:00', '跨年费用免费，月子期间早餐免费', '2025-12-19 09:58:23', '2025-12-19 09:58:23'),
(26, '姜雨帆', '13668852515', '春', '', NULL, NULL, '', '2026-04-30', '平度凤台世家', NULL, NULL, '赠送月子期间家属早餐', '2025-12-19 10:00:55', '2025-12-19 10:00:55'),
(27, '郝英杰', '15092294831', '春', '', NULL, NULL, '', '2026-02-06', '平度市龙宇上城', NULL, NULL, '大年30 初一 初二 月嫂回家', '2025-12-19 10:06:16', '2025-12-19 10:06:16'),
(28, '王娜', '16678699969', '夏', '', NULL, NULL, '', '2026-05-06', '平度中杰雅居', NULL, NULL, '', '2025-12-19 10:07:46', '2025-12-19 10:07:46'),
(29, '韩沂萱', '17753202926', '春', '', NULL, NULL, '', '2026-01-29', '平度安居苑', NULL, NULL, '除夕、初一、初二不要月嫂    家属餐免费15顿  四件套 待产包 月子房物品自备										(月嫂安静)  ⭐️总天数加一天', '2025-12-19 10:08:54', '2025-12-19 10:11:15'),
(30, '王佳佳', '13465849059', '春', '', NULL, NULL, '', '2026-03-06', '青岛市城阳区南疃社区', NULL, NULL, '', '2025-12-19 10:09:46', '2025-12-19 10:09:46'),
(31, '车润', '15505426063', '春', '', NULL, NULL, '', '2026-03-03', '平度青岛路', NULL, NULL, '', '2025-12-19 10:10:40', '2025-12-19 10:10:40'),
(32, '谭春倩', '15753256671', '春', '', NULL, NULL, '', '2026-04-17', '平度天悦华府', NULL, NULL, '', '2025-12-19 10:12:06', '2025-12-19 10:12:06');

-- 4. 插入/替换房态数据
REPLACE INTO `room_status` (`record_id`, `room_id`, `customer_id`, `check_in_date`, `check_out_date`, `status`, `record_month`, `created_at`, `updated_at`) VALUES
(1, 1, NULL, NULL, NULL, 1, '2025-06', '2025-12-16 11:36:39', '2025-12-16 11:36:39'),
(2, 2, NULL, NULL, NULL, 0, '2025-12', '2025-12-16 11:37:36', '2025-12-16 14:53:56'),
(3, 3, NULL, NULL, NULL, 0, '2025-12', '2025-12-16 11:47:22', '2025-12-16 14:53:59'),
(4, 1, 16, '2025-12-19', '2026-01-16', 1, '2025-12', '2025-12-16 12:23:06', '2025-12-19 09:17:37'),
(5, 1, NULL, '2025-12-04', '2026-02-12', 1, '2026-02', '2025-12-16 12:43:37', '2025-12-16 12:43:37'),
(6, 1, NULL, '2025-12-14', '2026-01-28', 0, '2026-01', '2025-12-16 13:11:46', '2025-12-16 13:12:55'),
(7, 2, NULL, '2026-01-14', '2026-02-12', 1, '2026-01', '2025-12-16 14:11:16', '2025-12-16 14:11:16'),
(8, 2, NULL, '2026-01-14', '2026-02-12', 1, '2026-02', '2025-12-16 14:11:16', '2025-12-16 14:11:16'),
(9, 21, 13, '2025-11-24', '2025-12-16', 1, '2025-12', '2025-12-16 16:07:36', '2025-12-16 16:29:16'),
(10, 14, 12, '2025-12-10', '2025-12-16', 1, '2025-12', '2025-12-16 16:07:59', '2025-12-16 16:07:59'),
(11, 24, 14, '2025-12-08', '2026-01-19', 1, '2025-12', '2025-12-16 16:09:23', '2025-12-16 16:09:23'),
(12, 24, 14, '2025-12-08', '2026-01-19', 1, '2026-01', '2025-12-16 16:09:23', '2025-12-16 16:09:23'),
(13, 23, 10, '2025-12-08', '2026-01-05', 1, '2025-12', '2025-12-16 16:28:48', '2025-12-16 16:28:48'),
(14, 23, 10, '2025-12-08', '2026-01-05', 1, '2026-01', '2025-12-16 16:28:48', '2025-12-16 16:28:48'),
(15, 16, 11, '2025-12-11', '2026-01-08', 1, '2025-12', '2025-12-16 16:30:17', '2025-12-16 16:30:17'),
(16, 16, 11, '2025-12-11', '2026-01-08', 1, '2026-01', '2025-12-16 16:30:17', '2025-12-16 16:30:17'),
(17, 6, 15, '2025-12-18', '2026-01-29', 1, '2025-12', '2025-12-19 08:15:10', '2025-12-19 08:15:10'),
(18, 6, 15, '2025-12-18', '2026-01-29', 1, '2026-01', '2025-12-19 08:15:10', '2025-12-19 08:15:10');

-- 5. 插入/替换评分卡数据
REPLACE INTO `score_card_records` (`record_id`, `customer_id`, `card_number`, `record_date`, `score_data`, `created_at`) VALUES
(4, 13, 1, '2025-11-24', '{}', '2025-12-19 15:48:04'),
(5, 13, 2, '2025-11-30', '{}', '2025-12-19 15:48:12'),
(6, 13, 3, '2025-12-07', '{}', '2025-12-19 15:48:15'),
(7, 14, 1, '2025-12-08', '{}', '2025-12-19 15:50:49'),
(8, 14, 2, '2025-12-14', '{}', '2025-12-19 15:50:52'),
(9, 10, 1, '2025-12-08', '{}', '2025-12-19 15:50:58'),
(10, 10, 2, '2025-12-14', '{}', '2025-12-19 15:51:00'),
(11, 12, 1, '2025-12-10', '{}', '2025-12-19 15:51:04'),
(12, 12, 2, '2025-12-14', '{}', '2025-12-19 15:51:06'),
(13, 11, 1, '2025-12-11', '{}', '2025-12-19 15:51:10'),
(14, 11, 2, '2025-12-17', '{}', '2025-12-19 15:51:12');

SET FOREIGN_KEY_CHECKS=1;

-- ============================================================
-- 迁移完成！
--
-- 说明:
-- - 使用 REPLACE INTO 避免主键冲突
-- - 已存在的记录会被新数据替换
-- - 外键约束已临时禁用以确保导入顺序
--
-- 数据统计:
-- - 客户: 23条真实记录 (ID: 10-32)
-- - 房间: 27个房间
-- - 房态: 18条记录
-- - 评分卡: 11条记录
-- ============================================================
